id,type
311,ham
312,ham
313,ham
314,ham
315,ham
316,ham
317,ham
318,spam
319,ham
320,ham
321,ham
322,ham
323,ham
324,ham
325,ham
326,ham
327,ham
328,ham
329,ham
330,ham
331,ham
332,ham
333,ham
334,ham
335,ham
336,spam
337,ham
338,ham
339,ham
340,ham
341,ham
342,ham
343,ham
344,ham
345,ham
346,ham
347,ham
348,ham
349,ham
350,ham
351,ham
352,ham
353,ham
354,ham
355,ham
356,ham
357,ham
358,ham
359,ham
360,ham
361,ham
362,ham
363,ham
364,ham
365,ham
366,ham
367,ham
368,ham
369,ham
370,ham
371,ham
373,ham
374,ham
375,ham
376,ham
377,ham
378,ham
379,ham
380,ham
381,ham
382,ham
383,ham
384,ham
385,ham
386,ham
387,ham
388,ham
389,ham
390,ham
391,ham
392,ham
393,ham
394,ham
395,ham
396,ham
397,ham
398,ham
399,ham
400,ham
401,ham
402,ham
403,ham
404,ham
405,ham
406,ham
407,ham
408,ham
409,ham
410,ham
411,ham
412,ham
413,ham
414,ham
415,ham
416,ham
417,ham
418,ham
419,ham
420,ham
421,ham
422,ham
423,ham
424,ham
425,ham
426,ham
427,spam
428,ham
429,ham
430,ham
431,ham
432,ham
433,ham
434,ham
435,ham
436,ham
437,ham
438,ham
439,ham
440,ham
441,ham
442,spam
443,ham
444,ham
445,ham
446,ham
447,ham
448,ham
449,ham
450,ham
451,ham
452,ham
453,ham
454,ham
455,ham
456,ham
457,ham
458,ham
459,ham
460,ham
461,ham
462,ham
463,ham
464,ham
465,ham
466,ham
467,ham
468,ham
469,ham
470,ham
471,ham
472,ham
473,ham
474,ham
475,ham
476,ham
477,ham
478,ham
479,ham
480,ham
481,ham
482,ham
483,ham
484,ham
485,ham
486,ham
487,ham
488,ham
489,ham
490,ham
491,ham
492,ham
493,ham
494,ham
495,ham
496,ham
497,ham
498,ham
499,ham
500,ham
501,ham
502,ham
503,ham
504,ham
505,ham
506,ham
507,ham
508,ham
509,ham
510,ham
511,ham
512,ham
513,ham
514,ham
515,ham
516,ham
517,ham
518,ham
519,ham
520,ham
521,ham
522,ham
523,ham
524,ham
525,ham
526,ham
527,ham
528,ham
529,ham
530,ham
531,ham
532,ham
534,ham
535,ham
536,ham
537,ham
538,ham
539,ham
540,ham
541,ham
542,ham
543,ham
544,ham
545,ham
546,ham
547,ham
548,ham
549,ham
550,ham
551,ham
552,ham
553,ham
554,ham
555,ham
556,ham
557,ham
558,ham
559,ham
560,ham
561,ham
562,ham
563,ham
564,ham
565,ham
566,ham
567,ham
568,ham
569,ham
570,ham
571,ham
572,ham
573,ham
574,ham
575,ham
576,ham
577,ham
578,ham
579,ham
580,ham
581,ham
582,ham
583,ham
584,ham
585,ham
586,ham
587,ham
588,ham
589,ham
590,ham
591,ham
592,ham
593,ham
594,ham
595,ham
596,ham
597,ham
598,ham
599,ham
600,ham
601,ham
602,ham
603,ham
604,ham
605,ham
606,ham
607,ham
608,ham
609,ham
610,ham
611,ham
